title,specialization,city,description
Lex & Co. Law Associates,Intellectual Property,Pune,Providing complete legal support across diverse areas of practice with professionalism.
Adv. Raghav Menon,Cyber Law,Chennai,Dedicated advocate with years of experience in handling complex legal matters and litigation.
Adv. Ramesh Kumar,Start-up Legal Advisory,Lucknow,Empowering clients through informed legal advice and strategic representation.
LawBridge Legal,Real Estate Law,Bhopal,Dedicated advocate with years of experience in handling complex legal matters and litigation.
LegalSphere Partners,Real Estate Law,Chandigarh,Combining legal expertise with technology for efficient and transparent legal services.
LegalSphere Partners,Real Estate Law,Delhi,Known for meticulous case preparation and strong courtroom advocacy.
Adv. Tanvi Kapoor,Property Disputes,Hyderabad,A reputed law office known for client-focused representation and effective legal solutions.
Adv. Anil Desai,Cyber Law,Jaipur,Dedicated advocate with years of experience in handling complex legal matters and litigation.
LegalSphere Partners,Consumer Rights,Surat,Known for meticulous case preparation and strong courtroom advocacy.
LexPoint Associates,Employment Law,Bengaluru,Trusted by individuals and businesses for reliable and timely legal assistance.
RightTrack Legal Advisors,Banking & Finance,Jaipur,Empowering clients through informed legal advice and strategic representation.
LexPoint Associates,Taxation,Lucknow,Dedicated advocate with years of experience in handling complex legal matters and litigation.
Adv. Shweta Ghosh,Contract Drafting,Jaipur,Known for meticulous case preparation and strong courtroom advocacy.
Adv. Arun Sharma,Cyber Law,Indore,A reputed law office known for client-focused representation and effective legal solutions.
LexPoint Associates,Banking & Finance,Kolkata,Trusted by individuals and businesses for reliable and timely legal assistance.
Adv. Kiran Rao,Contract Drafting,Chandigarh,A reputed law office known for client-focused representation and effective legal solutions.
Judicore Law Office,Cyber Law,Delhi,A reputed law office known for client-focused representation and effective legal solutions.
RightTrack Legal Advisors,Intellectual Property,Kolkata,Trusted by individuals and businesses for reliable and timely legal assistance.
Adv. Sneha Nair,Real Estate Law,Bhopal,Known for meticulous case preparation and strong courtroom advocacy.
Adv. Arun Sharma,Arbitration,Hyderabad,A reputed law office known for client-focused representation and effective legal solutions.
